scenario,workers,producers,tasks,offered_rate_tasks_per_sec,work_us_per_task,elapsed_s,throughput_tasks_per_sec,p50_latency_ms,p95_latency_ms,p99_latency_ms,p999_latency_ms,avg_latency_ms,p50_sched_latency_ms,p99_sched_latency_ms,max_sched_latency_ms,completed,failed,rejected,deadline_shed,deadline_overran,slow_path_submissions
single_priority,4,4,200000,0,0.0,0.1466,1364195,69.7303,72.8760,72.8760,72.8760,65.6409,69.7303,72.8760,73.4012,200000,0,0,0,0,0
mixed_priority,4,4,200000,0,0.0,0.1533,1304556,72.8760,124.2563,135.2663,141.5578,70.4210,72.8760,135.2663,143.2576,200000,0,0,0,0,0
high_contention,2,16,200000,0,0.0,0.1637,1221423,82.3132,135.2663,149.9464,154.1407,81.8140,82.3132,149.9464,155.5261,200000,0,0,0,0,1263
deadline_pressure,2,8,200000,0,0.0,0.1667,1199484,82.3132,137.3635,149.9464,156.2378,82.1757,82.3132,149.9464,157.7452,977,199023,0,199023,0,0
worker_scaling_1,1,4,200000,0,0.0,0.1104,1811822,38.0109,88.6047,99.0904,104.3333,37.7032,38.0109,99.0904,105.3793,200000,0,0,0,0,0
worker_scaling_2,2,4,200000,0,0.0,0.1500,1333114,67.6332,122.1591,135.2663,141.5578,63.6474,67.6332,135.2663,142.2010,200000,0,0,0,0,0
worker_scaling_4,4,4,200000,0,0.0,0.1528,1308780,72.8760,125.3048,137.3635,143.6549,69.4516,72.8760,137.3635,145.0957,200000,0,0,0,0,0
worker_scaling_8,8,4,200000,0,0.0,0.2883,693741,132.6449,242.2211,261.0954,265.2897,132.0821,132.6449,261.0954,266.3737,200000,0,0,0,0,0
worker_scaling_16,16,4,200000,0,0.0,0.2557,782151,95.9447,196.0837,212.8609,219.1524,93.9016,95.9447,212.8609,219.4094,200000,0,0,0,0,0
producer_scaling_1,4,1,200000,0,0.0,0.1459,1371259,65.2739,117.9648,130.5477,137.3635,60.6540,65.2739,130.5477,137.5515,200000,0,0,0,0,0
producer_scaling_2,4,2,200000,0,0.0,0.1650,1212042,74.9732,135.2663,149.9464,156.2378,69.7553,74.9732,149.9464,156.7092,200000,0,0,0,0,0
producer_scaling_4,4,4,200000,0,0.0,0.1589,1258326,78.1189,131.5963,143.6549,149.9464,74.1401,78.1189,143.6549,151.1443,200000,0,0,0,0,0
producer_scaling_8,4,8,200000,0,0.0,0.1661,1203928,83.3618,137.3635,149.9464,158.3350,82.8923,83.3618,149.9464,158.0688,200000,0,0,0,0,0
producer_scaling_16,4,16,200000,0,0.0,0.1614,1239306,83.3618,135.2663,147.8492,152.0435,83.0371,83.3618,147.8492,153.6537,200000,0,0,0,0,0
minimal_overhead,1,1,200000,0,0.0,0.0640,3124359,23.1997,25.5590,25.8212,25.8212,18.4140,23.1997,25.8212,25.9165,200000,0,0,0,0,0
worker_scaling_20us_1,1,4,40000,0,20.0,0.8305,48164,408.9446,784.3348,809.5007,817.8893,410.7944,408.9446,809.5007,817.9948,40000,0,0,0,0,0
worker_scaling_20us_2,2,4,40000,0,20.0,0.4320,92587,210.7638,404.7503,417.3332,417.3332,211.5692,210.7638,417.3332,419.1637,40000,0,0,0,0,0
worker_scaling_20us_4,4,4,40000,0,20.0,0.2239,178617,107.4790,206.5695,210.7638,210.7638,107.0441,107.4790,210.7638,210.7258,40000,0,0,0,0,0
worker_scaling_20us_8,8,4,40000,0,20.0,0.1243,321802,60.0310,111.6733,113.7705,113.7705,59.8942,60.0310,113.7705,113.5920,40000,0,0,0,0,0
paced_50k,4,4,150000,50000,0.0,3.0000,50000,0.0062,0.0109,0.0150,0.0351,0.0066,0.0060,0.0148,0.5800,150000,0,0,0,0,0
paced_100k,4,4,300000,100000,0.0,3.0001,99998,0.0060,0.0108,0.0161,0.0324,0.0065,0.0059,0.0157,0.2788,300000,0,0,0,0,0
paced_200k,4,4,600000,200000,0.0,3.0001,199994,0.0063,0.0170,0.0260,0.4567,0.0088,0.0060,0.0255,2.4458,600000,0,0,0,0,0
bounded_queue,4,8,200000,0,0.0,0.3195,625904,0.0112,141.5578,147.8492,149.9464,12.9432,0.0107,147.8492,149.3689,200000,0,389548,0,0,0
